"Name","URI","Region GSS code","Period","Sales volume","Reporting period","House price index All property types","Pivotable date"
East of England,http://landregistry.data.gov.uk/id/region/east-of-england,E12000006,2003-01,9371,monthly,63.46,2003-01-01
London,http://landregistry.data.gov.uk/id/region/london,E12000007,2003-01,11365,monthly,51.42,2003-01-01
South East,http://landregistry.data.gov.uk/id/region/south-east,E12000008,2003-01,13737,monthly,63.82,2003-01-01
South West,http://landregistry.data.gov.uk/id/region/south-west,E12000009,2003-01,8507,monthly,66.45,2003-01-01
Wales,http://landregistry.data.gov.uk/id/region/wales,W92000004,2003-01,3975,monthly,57.14,2003-01-01
East of England,http://landregistry.data.gov.uk/id/region/east-of-england,E12000006,2003-02,8731,monthly,63.45,2003-02-01
London,http://landregistry.data.gov.uk/id/region/london,E12000007,2003-02,10320,monthly,51.25,2003-02-01
South East,http://landregistry.data.gov.uk/id/region/south-east,E12000008,2003-02,12777,monthly,63.86,2003-02-01
South West,http://landregistry.data.gov.uk/id/region/south-west,E12000009,2003-02,7695,monthly,66.07,2003-02-01
Wales,http://landregistry.data.gov.uk/id/region/wales,W92000004,2003-02,3993,monthly,57.7,2003-02-01
East of England,http://landregistry.data.gov.uk/id/region/east-of-england,E12000006,2003-03,9279,monthly,63.94,2003-03-01
London,http://landregistry.data.gov.uk/id/region/london,E12000007,2003-03,10600,monthly,51.03,2003-03-01
South East,http://landregistry.data.gov.uk/id/region/south-east,E12000008,2003-03,12762,monthly,64.52,2003-03-01
South West,http://landregistry.data.gov.uk/id/region/south-west,E12000009,2003-03,7973,monthly,67.48,2003-03-01
Wales,http://landregistry.data.gov.uk/id/region/wales,W92000004,2003-03,4519,monthly,58.23,2003-03-01
East of England,http://landregistry.data.gov.uk/id/region/east-of-england,E12000006,2003-04,9216,monthly,65.28,2003-04-01
London,http://landregistry.data.gov.uk/id/region/london,E12000007,2003-04,10380,monthly,51.62,2003-04-01
South East,http://landregistry.data.gov.uk/id/region/south-east,E12000008,2003-04,13692,monthly,65.03,2003-04-01
South West,http://landregistry.data.gov.uk/id/region/south-west,E12000009,2003-04,8786,monthly,68.26,2003-04-01
Wales,http://landregistry.data.gov.uk/id/region/wales,W92000004,2003-04,4710,monthly,60.7,2003-04-01
East of England,http://landregistry.data.gov.uk/id/region/east-of-england,E12000006,2003-05,10283,monthly,65.58,2003-05-01
London,http://landregistry.data.gov.uk/id/region/london,E12000007,2003-05,11169,monthly,52.27,2003-05-01
South East,http://landregistry.data.gov.uk/id/region/south-east,E12000008,2003-05,14970,monthly,65.63,2003-05-01
South West,http://landregistry.data.gov.uk/id/region/south-west,E12000009,2003-05,9136,monthly,69.09,2003-05-01
Wales,http://landregistry.data.gov.uk/id/region/wales,W92000004,2003-05,5173,monthly,61.63,2003-05-01
East of England,http://landregistry.data.gov.uk/id/region/east-of-england,E12000006,2003-06,10668,monthly,65.47,2003-06-01
London,http://landregistry.data.gov.uk/id/region/london,E12000007,2003-06,11990,monthly,51.87,2003-06-01
South East,http://landregistry.data.gov.uk/id/region/south-east,E12000008,2003-06,15071,monthly,66.27,2003-06-01
South West,http://landregistry.data.gov.uk/id/region/south-west,E12000009,2003-06,9537,monthly,69.97,2003-06-01
Wales,http://landregistry.data.gov.uk/id/region/wales,W92000004,2003-06,5551,monthly,62.82,2003-06-01
East of England,http://landregistry.data.gov.uk/id/region/east-of-england,E12000006,2003-07,11969,monthly,67.28,2003-07-01
London,http://landregistry.data.gov.uk/id/region/london,E12000007,2003-07,13468,monthly,53.07,2003-07-01
South East,http://landregistry.data.gov.uk/id/region/south-east,E12000008,2003-07,17457,monthly,66.92,2003-07-01
South West,http://landregistry.data.gov.uk/id/region/south-west,E12000009,2003-07,10928,monthly,71.0,2003-07-01
Wales,http://landregistry.data.gov.uk/id/region/wales,W92000004,2003-07,5577,monthly,64.69,2003-07-01
East of England,http://landregistry.data.gov.uk/id/region/east-of-england,E12000006,2003-08,12417,monthly,67.56,2003-08-01
London,http://landregistry.data.gov.uk/id/region/london,E12000007,2003-08,14417,monthly,52.8,2003-08-01
South East,http://landregistry.data.gov.uk/id/region/south-east,E12000008,2003-08,18329,monthly,67.11,2003-08-01
South West,http://landregistry.data.gov.uk/id/region/south-west,E12000009,2003-08,11956,monthly,71.28,2003-08-01
Wales,http://landregistry.data.gov.uk/id/region/wales,W92000004,2003-08,5936,monthly,66.96,2003-08-01
East of England,http://landregistry.data.gov.uk/id/region/east-of-england,E12000006,2003-09,12305,monthly,67.46,2003-09-01
London,http://landregistry.data.gov.uk/id/region/london,E12000007,2003-09,14741,monthly,52.85,2003-09-01
South East,http://landregistry.data.gov.uk/id/region/south-east,E12000008,2003-09,18160,monthly,66.6,2003-09-01
South West,http://landregistry.data.gov.uk/id/region/south-west,E12000009,2003-09,11524,monthly,71.78,2003-09-01
Wales,http://landregistry.data.gov.uk/id/region/wales,W92000004,2003-09,5485,monthly,67.53,2003-09-01
East of England,http://landregistry.data.gov.uk/id/region/east-of-england,E12000006,2003-10,13443,monthly,68.08,2003-10-01
London,http://landregistry.data.gov.uk/id/region/london,E12000007,2003-10,15741,monthly,53.27,2003-10-01
South East,http://landregistry.data.gov.uk/id/region/south-east,E12000008,2003-10,20081,monthly,67.66,2003-10-01
South West,http://landregistry.data.gov.uk/id/region/south-west,E12000009,2003-10,13231,monthly,72.62,2003-10-01
Wales,http://landregistry.data.gov.uk/id/region/wales,W92000004,2003-10,6429,monthly,68.09,2003-10-01
East of England,http://landregistry.data.gov.uk/id/region/east-of-england,E12000006,2003-11,13108,monthly,68.4,2003-11-01
London,http://landregistry.data.gov.uk/id/region/london,E12000007,2003-11,14754,monthly,53.51,2003-11-01
South East,http://landregistry.data.gov.uk/id/region/south-east,E12000008,2003-11,19055,monthly,68.05,2003-11-01
South West,http://landregistry.data.gov.uk/id/region/south-west,E12000009,2003-11,12065,monthly,72.48,2003-11-01
Wales,http://landregistry.data.gov.uk/id/region/wales,W92000004,2003-11,6162,monthly,69.38,2003-11-01
East of England,http://landregistry.data.gov.uk/id/region/east-of-england,E12000006,2003-12,13573,monthly,69.09,2003-12-01
London,http://landregistry.data.gov.uk/id/region/london,E12000007,2003-12,14839,monthly,53.86,2003-12-01
South East,http://landregistry.data.gov.uk/id/region/south-east,E12000008,2003-12,20275,monthly,68.23,2003-12-01
South West,http://landregistry.data.gov.uk/id/region/south-west,E12000009,2003-12,12271,monthly,73.77,2003-12-01
Wales,http://landregistry.data.gov.uk/id/region/wales,W92000004,2003-12,6073,monthly,71.78,2003-12-01
East of England,http://landregistry.data.gov.uk/id/region/east-of-england,E12000006,2004-01,9947,monthly,69.96,2004-01-01
London,http://landregistry.data.gov.uk/id/region/london,E12000007,2004-01,12767,monthly,54.33,2004-01-01
South East,http://landregistry.data.gov.uk/id/region/south-east,E12000008,2004-01,15524,monthly,68.77,2004-01-01
South West,http://landregistry.data.gov.uk/id/region/south-west,E12000009,2004-01,9397,monthly,74.45,2004-01-01
Wales,http://landregistry.data.gov.uk/id/region/wales,W92000004,2004-01,4291,monthly,72.65,2004-01-01
East of England,http://landregistry.data.gov.uk/id/region/east-of-england,E12000006,2004-02,10337,monthly,70.18,2004-02-01
London,http://landregistry.data.gov.uk/id/region/london,E12000007,2004-02,12160,monthly,54.56,2004-02-01
South East,http://landregistry.data.gov.uk/id/region/south-east,E12000008,2004-02,14951,monthly,69.13,2004-02-01
South West,http://landregistry.data.gov.uk/id/region/south-west,E12000009,2004-02,9053,monthly,74.3,2004-02-01
Wales,http://landregistry.data.gov.uk/id/region/wales,W92000004,2004-02,4206,monthly,73.52,2004-02-01
East of England,http://landregistry.data.gov.uk/id/region/east-of-england,E12000006,2004-03,11676,monthly,70.79,2004-03-01
London,http://landregistry.data.gov.uk/id/region/london,E12000007,2004-03,14409,monthly,54.94,2004-03-01
South East,http://landregistry.data.gov.uk/id/region/south-east,E12000008,2004-03,16856,monthly,69.68,2004-03-01
South West,http://landregistry.data.gov.uk/id/region/south-west,E12000009,2004-03,10237,monthly,75.87,2004-03-01
Wales,http://landregistry.data.gov.uk/id/region/wales,W92000004,2004-03,5256,monthly,74.18,2004-03-01
East of England,http://landregistry.data.gov.uk/id/region/east-of-england,E12000006,2004-04,13128,monthly,72.34,2004-04-01
London,http://landregistry.data.gov.uk/id/region/london,E12000007,2004-04,14873,monthly,56.07,2004-04-01
South East,http://landregistry.data.gov.uk/id/region/south-east,E12000008,2004-04,19484,monthly,70.46,2004-04-01
South West,http://landregistry.data.gov.uk/id/region/south-west,E12000009,2004-04,12318,monthly,77.66,2004-04-01
Wales,http://landregistry.data.gov.uk/id/region/wales,W92000004,2004-04,5821,monthly,78.9,2004-04-01
East of England,http://landregistry.data.gov.uk/id/region/east-of-england,E12000006,2004-05,12236,monthly,72.95,2004-05-01
London,http://landregistry.data.gov.uk/id/region/london,E12000007,2004-05,13613,monthly,56.43,2004-05-01
South East,http://landregistry.data.gov.uk/id/region/south-east,E12000008,2004-05,18081,monthly,71.7,2004-05-01
South West,http://landregistry.data.gov.uk/id/region/south-west,E12000009,2004-05,11178,monthly,79.1,2004-05-01
Wales,http://landregistry.data.gov.uk/id/region/wales,W92000004,2004-05,5226,monthly,79.35,2004-05-01
East of England,http://landregistry.data.gov.uk/id/region/east-of-england,E12000006,2004-06,14019,monthly,74.48,2004-06-01
London,http://landregistry.data.gov.uk/id/region/london,E12000007,2004-06,16163,monthly,57.13,2004-06-01
South East,http://landregistry.data.gov.uk/id/region/south-east,E12000008,2004-06,20246,monthly,72.59,2004-06-01
South West,http://landregistry.data.gov.uk/id/region/south-west,E12000009,2004-06,12566,monthly,80.95,2004-06-01
Wales,http://landregistry.data.gov.uk/id/region/wales,W92000004,2004-06,5688,monthly,83.51,2004-06-01
East of England,http://landregistry.data.gov.uk/id/region/east-of-england,E12000006,2004-07,14524,monthly,75.46,2004-07-01
London,http://landregistry.data.gov.uk/id/region/london,E12000007,2004-07,17612,monthly,58.06,2004-07-01
South East,http://landregistry.data.gov.uk/id/region/south-east,E12000008,2004-07,21788,monthly,73.52,2004-07-01
South West,http://landregistry.data.gov.uk/id/region/south-west,E12000009,2004-07,13212,monthly,82.42,2004-07-01
Wales,http://landregistry.data.gov.uk/id/region/wales,W92000004,2004-07,6166,monthly,86.27,2004-07-01
East of England,http://landregistry.data.gov.uk/id/region/east-of-england,E12000006,2004-08,13178,monthly,76.49,2004-08-01
London,http://landregistry.data.gov.uk/id/region/london,E12000007,2004-08,15020,monthly,58.29,2004-08-01
South East,http://landregistry.data.gov.uk/id/region/south-east,E12000008,2004-08,19631,monthly,74.85,2004-08-01
South West,http://landregistry.data.gov.uk/id/region/south-west,E12000009,2004-08,11273,monthly,82.84,2004-08-01
Wales,http://landregistry.data.gov.uk/id/region/wales,W92000004,2004-08,4807,monthly,88.75,2004-08-01
East of England,http://landregistry.data.gov.uk/id/region/east-of-england,E12000006,2004-09,11047,monthly,76.83,2004-09-01
London,http://landregistry.data.gov.uk/id/region/london,E12000007,2004-09,13500,monthly,58.12,2004-09-01
South East,http://landregistry.data.gov.uk/id/region/south-east,E12000008,2004-09,16683,monthly,74.66,2004-09-01
South West,http://landregistry.data.gov.uk/id/region/south-west,E12000009,2004-09,9610,monthly,83.86,2004-09-01
Wales,http://landregistry.data.gov.uk/id/region/wales,W92000004,2004-09,4276,monthly,87.69,2004-09-01
East of England,http://landregistry.data.gov.uk/id/region/east-of-england,E12000006,2004-10,10472,monthly,76.98,2004-10-01
London,http://landregistry.data.gov.uk/id/region/london,E12000007,2004-10,12031,monthly,57.66,2004-10-01
South East,http://landregistry.data.gov.uk/id/region/south-east,E12000008,2004-10,15377,monthly,74.59,2004-10-01
South West,http://landregistry.data.gov.uk/id/region/south-west,E12000009,2004-10,9273,monthly,83.66,2004-10-01
Wales,http://landregistry.data.gov.uk/id/region/wales,W92000004,2004-10,4087,monthly,88.57,2004-10-01
East of England,http://landregistry.data.gov.uk/id/region/east-of-england,E12000006,2004-11,9302,monthly,77.09,2004-11-01
London,http://landregistry.data.gov.uk/id/region/london,E12000007,2004-11,10790,monthly,58.26,2004-11-01
South East,http://landregistry.data.gov.uk/id/region/south-east,E12000008,2004-11,13754,monthly,75.32,2004-11-01
South West,http://landregistry.data.gov.uk/id/region/south-west,E12000009,2004-11,8007,monthly,84.17,2004-11-01
Wales,http://landregistry.data.gov.uk/id/region/wales,W92000004,2004-11,3780,monthly,90.26,2004-11-01
East of England,http://landregistry.data.gov.uk/id/region/east-of-england,E12000006,2004-12,9418,monthly,76.64,2004-12-01
London,http://landregistry.data.gov.uk/id/region/london,E12000007,2004-12,10859,monthly,57.14,2004-12-01
South East,http://landregistry.data.gov.uk/id/region/south-east,E12000008,2004-12,13851,monthly,74.68,2004-12-01
South West,http://landregistry.data.gov.uk/id/region/south-west,E12000009,2004-12,7834,monthly,83.41,2004-12-01
Wales,http://landregistry.data.gov.uk/id/region/wales,W92000004,2004-12,3724,monthly,89.61,2004-12-01
East of England,http://landregistry.data.gov.uk/id/region/east-of-england,E12000006,2005-01,6069,monthly,76.8,2005-01-01
London,http://landregistry.data.gov.uk/id/region/london,E12000007,2005-01,8020,monthly,57.69,2005-01-01
South East,http://landregistry.data.gov.uk/id/region/south-east,E12000008,2005-01,9243,monthly,73.86,2005-01-01
South West,http://landregistry.data.gov.uk/id/region/south-west,E12000009,2005-01,5481,monthly,82.6,2005-01-01
Wales,http://landregistry.data.gov.uk/id/region/wales,W92000004,2005-01,2516,monthly,90.94,2005-01-01
East of England,http://landregistry.data.gov.uk/id/region/east-of-england,E12000006,2005-02,6579,monthly,76.03,2005-02-01
London,http://landregistry.data.gov.uk/id/region/london,E12000007,2005-02,7829,monthly,57.42,2005-02-01
South East,http://landregistry.data.gov.uk/id/region/south-east,E12000008,2005-02,9441,monthly,74.19,2005-02-01
South West,http://landregistry.data.gov.uk/id/region/south-west,E12000009,2005-02,5814,monthly,82.69,2005-02-01
Wales,http://landregistry.data.gov.uk/id/region/wales,W92000004,2005-02,2572,monthly,88.93,2005-02-01
East of England,http://landregistry.data.gov.uk/id/region/east-of-england,E12000006,2005-03,7843,monthly,76.11,2005-03-01
London,http://landregistry.data.gov.uk/id/region/london,E12000007,2005-03,9361,monthly,57.41,2005-03-01
South East,http://landregistry.data.gov.uk/id/region/south-east,E12000008,2005-03,11332,monthly,74.19,2005-03-01
South West,http://landregistry.data.gov.uk/id/region/south-west,E12000009,2005-03,6952,monthly,82.85,2005-03-01
Wales,http://landregistry.data.gov.uk/id/region/wales,W92000004,2005-03,3336,monthly,90.38,2005-03-01
East of England,http://landregistry.data.gov.uk/id/region/east-of-england,E12000006,2005-04,9101,monthly,76.35,2005-04-01
London,http://landregistry.data.gov.uk/id/region/london,E12000007,2005-04,10290,monthly,58.43,2005-04-01
South East,http://landregistry.data.gov.uk/id/region/south-east,E12000008,2005-04,13136,monthly,74.76,2005-04-01
South West,http://landregistry.data.gov.uk/id/region/south-west,E12000009,2005-04,8445,monthly,83.2,2005-04-01
Wales,http://landregistry.data.gov.uk/id/region/wales,W92000004,2005-04,3891,monthly,91.14,2005-04-01
East of England,http://landregistry.data.gov.uk/id/region/east-of-england,E12000006,2005-05,9283,monthly,77.58,2005-05-01
London,http://landregistry.data.gov.uk/id/region/london,E12000007,2005-05,10649,monthly,58.5,2005-05-01
South East,http://landregistry.data.gov.uk/id/region/south-east,E12000008,2005-05,13834,monthly,75.08,2005-05-01
South West,http://landregistry.data.gov.uk/id/region/south-west,E12000009,2005-05,8434,monthly,83.6,2005-05-01
Wales,http://landregistry.data.gov.uk/id/region/wales,W92000004,2005-05,3865,monthly,92.94,2005-05-01
East of England,http://landregistry.data.gov.uk/id/region/east-of-england,E12000006,2005-06,10716,monthly,78.01,2005-06-01
London,http://landregistry.data.gov.uk/id/region/london,E12000007,2005-06,12308,monthly,58.56,2005-06-01
South East,http://landregistry.data.gov.uk/id/region/south-east,E12000008,2005-06,16154,monthly,75.22,2005-06-01
South West,http://landregistry.data.gov.uk/id/region/south-west,E12000009,2005-06,9725,monthly,83.88,2005-06-01
Wales,http://landregistry.data.gov.uk/id/region/wales,W92000004,2005-06,4271,monthly,93.63,2005-06-01
East of England,http://landregistry.data.gov.uk/id/region/east-of-england,E12000006,2005-07,11112,monthly,78.54,2005-07-01
London,http://landregistry.data.gov.uk/id/region/london,E12000007,2005-07,13536,monthly,59.05,2005-07-01
South East,http://landregistry.data.gov.uk/id/region/south-east,E12000008,2005-07,16990,monthly,75.64,2005-07-01
South West,http://landregistry.data.gov.uk/id/region/south-west,E12000009,2005-07,10590,monthly,85.02,2005-07-01
Wales,http://landregistry.data.gov.uk/id/region/wales,W92000004,2005-07,4428,monthly,95.87,2005-07-01
East of England,http://landregistry.data.gov.uk/id/region/east-of-england,E12000006,2005-08,11407,monthly,78.4,2005-08-01
London,http://landregistry.data.gov.uk/id/region/london,E12000007,2005-08,13208,monthly,59.07,2005-08-01
South East,http://landregistry.data.gov.uk/id/region/south-east,E12000008,2005-08,16820,monthly,75.87,2005-08-01
South West,http://landregistry.data.gov.uk/id/region/south-west,E12000009,2005-08,10557,monthly,84.72,2005-08-01
Wales,http://landregistry.data.gov.uk/id/region/wales,W92000004,2005-08,4410,monthly,96.86,2005-08-01
East of England,http://landregistry.data.gov.uk/id/region/east-of-england,E12000006,2005-09,11471,monthly,78.57,2005-09-01
London,http://landregistry.data.gov.uk/id/region/london,E12000007,2005-09,13541,monthly,58.81,2005-09-01
South East,http://landregistry.data.gov.uk/id/region/south-east,E12000008,2005-09,16735,monthly,75.96,2005-09-01
South West,http://landregistry.data.gov.uk/id/region/south-west,E12000009,2005-09,10149,monthly,84.95,2005-09-01
Wales,http://landregistry.data.gov.uk/id/region/wales,W92000004,2005-09,4534,monthly,96.44,2005-09-01
East of England,http://landregistry.data.gov.uk/id/region/east-of-england,E12000006,2005-10,10473,monthly,78.14,2005-10-01
London,http://landregistry.data.gov.uk/id/region/london,E12000007,2005-10,12382,monthly,58.16,2005-10-01
South East,http://landregistry.data.gov.uk/id/region/south-east,E12000008,2005-10,15508,monthly,75.26,2005-10-01
South West,http://landregistry.data.gov.uk/id/region/south-west,E12000009,2005-10,9555,monthly,84.97,2005-10-01
Wales,http://landregistry.data.gov.uk/id/region/wales,W92000004,2005-10,4249,monthly,96.59,2005-10-01
East of England,http://landregistry.data.gov.uk/id/region/east-of-england,E12000006,2005-11,10896,monthly,78.06,2005-11-01
London,http://landregistry.data.gov.uk/id/region/london,E12000007,2005-11,12568,monthly,58.72,2005-11-01
South East,http://landregistry.data.gov.uk/id/region/south-east,E12000008,2005-11,16303,monthly,75.73,2005-11-01
South West,http://landregistry.data.gov.uk/id/region/south-west,E12000009,2005-11,10095,monthly,84.92,2005-11-01
Wales,http://landregistry.data.gov.uk/id/region/wales,W92000004,2005-11,4383,monthly,96.09,2005-11-01
East of England,http://landregistry.data.gov.uk/id/region/east-of-england,E12000006,2005-12,12492,monthly,78.64,2005-12-01
London,http://landregistry.data.gov.uk/id/region/london,E12000007,2005-12,13144,monthly,59.17,2005-12-01
South East,http://landregistry.data.gov.uk/id/region/south-east,E12000008,2005-12,18119,monthly,75.81,2005-12-01
South West,http://landregistry.data.gov.uk/id/region/south-west,E12000009,2005-12,11133,monthly,85.4,2005-12-01
Wales,http://landregistry.data.gov.uk/id/region/wales,W92000004,2005-12,4704,monthly,95.24,2005-12-01
East of England,http://landregistry.data.gov.uk/id/region/east-of-england,E12000006,2006-01,8549,monthly,78.41,2006-01-01
London,http://landregistry.data.gov.uk/id/region/london,E12000007,2006-01,10862,monthly,59.54,2006-01-01
South East,http://landregistry.data.gov.uk/id/region/south-east,E12000008,2006-01,13048,monthly,75.99,2006-01-01
South West,http://landregistry.data.gov.uk/id/region/south-west,E12000009,2006-01,7861,monthly,85.1,2006-01-01
Wales,http://landregistry.data.gov.uk/id/region/wales,W92000004,2006-01,3228,monthly,95.42,2006-01-01
East of England,http://landregistry.data.gov.uk/id/region/east-of-england,E12000006,2006-02,9137,monthly,78.51,2006-02-01
London,http://landregistry.data.gov.uk/id/region/london,E12000007,2006-02,10885,monthly,59.36,2006-02-01
South East,http://landregistry.data.gov.uk/id/region/south-east,E12000008,2006-02,13361,monthly,76.22,2006-02-01
South West,http://landregistry.data.gov.uk/id/region/south-west,E12000009,2006-02,7992,monthly,84.72,2006-02-01
Wales,http://landregistry.data.gov.uk/id/region/wales,W92000004,2006-02,3567,monthly,97.11,2006-02-01
East of England,http://landregistry.data.gov.uk/id/region/east-of-england,E12000006,2006-03,11363,monthly,79.12,2006-03-01
London,http://landregistry.data.gov.uk/id/region/london,E12000007,2006-03,13982,monthly,59.92,2006-03-01
South East,http://landregistry.data.gov.uk/id/region/south-east,E12000008,2006-03,17079,monthly,76.54,2006-03-01
South West,http://landregistry.data.gov.uk/id/region/south-west,E12000009,2006-03,10625,monthly,86.28,2006-03-01
Wales,http://landregistry.data.gov.uk/id/region/wales,W92000004,2006-03,4663,monthly,98.12,2006-03-01
East of England,http://landregistry.data.gov.uk/id/region/east-of-england,E12000006,2006-04,10736,monthly,80.36,2006-04-01
London,http://landregistry.data.gov.uk/id/region/london,E12000007,2006-04,11953,monthly,60.93,2006-04-01
South East,http://landregistry.data.gov.uk/id/region/south-east,E12000008,2006-04,15992,monthly,77.51,2006-04-01
South West,http://landregistry.data.gov.uk/id/region/south-west,E12000009,2006-04,10445,monthly,87.0,2006-04-01
Wales,http://landregistry.data.gov.uk/id/region/wales,W92000004,2006-04,4207,monthly,98.44,2006-04-01
East of England,http://landregistry.data.gov.uk/id/region/east-of-england,E12000006,2006-05,11940,monthly,81.06,2006-05-01
London,http://landregistry.data.gov.uk/id/region/london,E12000007,2006-05,13349,monthly,61.46,2006-05-01
South East,http://landregistry.data.gov.uk/id/region/south-east,E12000008,2006-05,17990,monthly,78.71,2006-05-01
South West,http://landregistry.data.gov.uk/id/region/south-west,E12000009,2006-05,11193,monthly,87.88,2006-05-01
Wales,http://landregistry.data.gov.uk/id/region/wales,W92000004,2006-05,4582,monthly,99.19,2006-05-01
East of England,http://landregistry.data.gov.uk/id/region/east-of-england,E12000006,2006-06,14225,monthly,81.19,2006-06-01
London,http://landregistry.data.gov.uk/id/region/london,E12000007,2006-06,16075,monthly,62.41,2006-06-01
South East,http://landregistry.data.gov.uk/id/region/south-east,E12000008,2006-06,21344,monthly,79.12,2006-06-01
South West,http://landregistry.data.gov.uk/id/region/south-west,E12000009,2006-06,13200,monthly,88.96,2006-06-01
Wales,http://landregistry.data.gov.uk/id/region/wales,W92000004,2006-06,5755,monthly,101.76,2006-06-01
East of England,http://landregistry.data.gov.uk/id/region/east-of-england,E12000006,2006-07,13358,monthly,82.81,2006-07-01
London,http://landregistry.data.gov.uk/id/region/london,E12000007,2006-07,16182,monthly,63.02,2006-07-01
South East,http://landregistry.data.gov.uk/id/region/south-east,E12000008,2006-07,20373,monthly,79.94,2006-07-01
South West,http://landregistry.data.gov.uk/id/region/south-west,E12000009,2006-07,12863,monthly,89.85,2006-07-01
Wales,http://landregistry.data.gov.uk/id/region/wales,W92000004,2006-07,5136,monthly,101.62,2006-07-01
East of England,http://landregistry.data.gov.uk/id/region/east-of-england,E12000006,2006-08,14018,monthly,83.54,2006-08-01
London,http://landregistry.data.gov.uk/id/region/london,E12000007,2006-08,16833,monthly,63.72,2006-08-01
South East,http://landregistry.data.gov.uk/id/region/south-east,E12000008,2006-08,22478,monthly,80.43,2006-08-01
South West,http://landregistry.data.gov.uk/id/region/south-west,E12000009,2006-08,13841,monthly,90.91,2006-08-01
Wales,http://landregistry.data.gov.uk/id/region/wales,W92000004,2006-08,5447,monthly,103.0,2006-08-01
East of England,http://landregistry.data.gov.uk/id/region/east-of-england,E12000006,2006-09,13649,monthly,83.57,2006-09-01
London,http://landregistry.data.gov.uk/id/region/london,E12000007,2006-09,15674,monthly,63.93,2006-09-01
South East,http://landregistry.data.gov.uk/id/region/south-east,E12000008,2006-09,20639,monthly,81.12,2006-09-01
South West,http://landregistry.data.gov.uk/id/region/south-west,E12000009,2006-09,12492,monthly,91.07,2006-09-01
Wales,http://landregistry.data.gov.uk/id/region/wales,W92000004,2006-09,5482,monthly,102.96,2006-09-01
East of England,http://landregistry.data.gov.uk/id/region/east-of-england,E12000006,2006-10,13249,monthly,84.13,2006-10-01
London,http://landregistry.data.gov.uk/id/region/london,E12000007,2006-10,15193,monthly,64.32,2006-10-01
South East,http://landregistry.data.gov.uk/id/region/south-east,E12000008,2006-10,19698,monthly,81.04,2006-10-01
South West,http://landregistry.data.gov.uk/id/region/south-west,E12000009,2006-10,12448,monthly,92.03,2006-10-01
Wales,http://landregistry.data.gov.uk/id/region/wales,W92000004,2006-10,5520,monthly,102.68,2006-10-01
East of England,http://landregistry.data.gov.uk/id/region/east-of-england,E12000006,2006-11,13097,monthly,84.43,2006-11-01
London,http://landregistry.data.gov.uk/id/region/london,E12000007,2006-11,15230,monthly,64.25,2006-11-01
South East,http://landregistry.data.gov.uk/id/region/south-east,E12000008,2006-11,19570,monthly,81.75,2006-11-01
South West,http://landregistry.data.gov.uk/id/region/south-west,E12000009,2006-11,12760,monthly,92.71,2006-11-01
Wales,http://landregistry.data.gov.uk/id/region/wales,W92000004,2006-11,5525,monthly,103.97,2006-11-01
East of England,http://landregistry.data.gov.uk/id/region/east-of-england,E12000006,2006-12,14609,monthly,85.38,2006-12-01
London,http://landregistry.data.gov.uk/id/region/london,E12000007,2006-12,15232,monthly,65.66,2006-12-01
South East,http://landregistry.data.gov.uk/id/region/south-east,E12000008,2006-12,20999,monthly,82.84,2006-12-01
South West,http://landregistry.data.gov.uk/id/region/south-west,E12000009,2006-12,13258,monthly,93.29,2006-12-01
Wales,http://landregistry.data.gov.uk/id/region/wales,W92000004,2006-12,5947,monthly,104.68,2006-12-01
East of England,http://landregistry.data.gov.uk/id/region/east-of-england,E12000006,2007-01,10032,monthly,85.42,2007-01-01
London,http://landregistry.data.gov.uk/id/region/london,E12000007,2007-01,12794,monthly,66.44,2007-01-01
South East,http://landregistry.data.gov.uk/id/region/south-east,E12000008,2007-01,15462,monthly,83.27,2007-01-01
South West,http://landregistry.data.gov.uk/id/region/south-west,E12000009,2007-01,9198,monthly,92.82,2007-01-01
Wales,http://landregistry.data.gov.uk/id/region/wales,W92000004,2007-01,3962,monthly,102.65,2007-01-01
East of England,http://landregistry.data.gov.uk/id/region/east-of-england,E12000006,2007-02,9902,monthly,85.6,2007-02-01
London,http://landregistry.data.gov.uk/id/region/london,E12000007,2007-02,12194,monthly,67.22,2007-02-01
South East,http://landregistry.data.gov.uk/id/region/south-east,E12000008,2007-02,14947,monthly,83.02,2007-02-01
South West,http://landregistry.data.gov.uk/id/region/south-west,E12000009,2007-02,8926,monthly,93.46,2007-02-01
Wales,http://landregistry.data.gov.uk/id/region/wales,W92000004,2007-02,3750,monthly,105.37,2007-02-01
East of England,http://landregistry.data.gov.uk/id/region/east-of-england,E12000006,2007-03,11926,monthly,86.31,2007-03-01
London,http://landregistry.data.gov.uk/id/region/london,E12000007,2007-03,14546,monthly,67.89,2007-03-01
South East,http://landregistry.data.gov.uk/id/region/south-east,E12000008,2007-03,17562,monthly,83.66,2007-03-01
South West,http://landregistry.data.gov.uk/id/region/south-west,E12000009,2007-03,10691,monthly,94.81,2007-03-01
Wales,http://landregistry.data.gov.uk/id/region/wales,W92000004,2007-03,4895,monthly,103.9,2007-03-01
East of England,http://landregistry.data.gov.uk/id/region/east-of-england,E12000006,2007-04,10870,monthly,87.38,2007-04-01
London,http://landregistry.data.gov.uk/id/region/london,E12000007,2007-04,12568,monthly,69.21,2007-04-01
South East,http://landregistry.data.gov.uk/id/region/south-east,E12000008,2007-04,15898,monthly,85.16,2007-04-01
South West,http://landregistry.data.gov.uk/id/region/south-west,E12000009,2007-04,10207,monthly,95.21,2007-04-01
Wales,http://landregistry.data.gov.uk/id/region/wales,W92000004,2007-04,4428,monthly,106.39,2007-04-01
East of England,http://landregistry.data.gov.uk/id/region/east-of-england,E12000006,2007-05,12580,monthly,88.22,2007-05-01
London,http://landregistry.data.gov.uk/id/region/london,E12000007,2007-05,14059,monthly,70.18,2007-05-01
South East,http://landregistry.data.gov.uk/id/region/south-east,E12000008,2007-05,18656,monthly,86.87,2007-05-01
South West,http://landregistry.data.gov.uk/id/region/south-west,E12000009,2007-05,11573,monthly,96.72,2007-05-01
Wales,http://landregistry.data.gov.uk/id/region/wales,W92000004,2007-05,5047,monthly,107.2,2007-05-01
East of England,http://landregistry.data.gov.uk/id/region/east-of-england,E12000006,2007-06,14300,monthly,89.76,2007-06-01
London,http://landregistry.data.gov.uk/id/region/london,E12000007,2007-06,15799,monthly,70.98,2007-06-01
South East,http://landregistry.data.gov.uk/id/region/south-east,E12000008,2007-06,21237,monthly,87.48,2007-06-01
South West,http://landregistry.data.gov.uk/id/region/south-west,E12000009,2007-06,12697,monthly,97.43,2007-06-01
Wales,http://landregistry.data.gov.uk/id/region/wales,W92000004,2007-06,5925,monthly,108.27,2007-06-01
East of England,http://landregistry.data.gov.uk/id/region/east-of-england,E12000006,2007-07,13379,monthly,90.6,2007-07-01
London,http://landregistry.data.gov.uk/id/region/london,E12000007,2007-07,16037,monthly,73.4,2007-07-01
South East,http://landregistry.data.gov.uk/id/region/south-east,E12000008,2007-07,20581,monthly,89.03,2007-07-01
South West,http://landregistry.data.gov.uk/id/region/south-west,E12000009,2007-07,12180,monthly,98.7,2007-07-01
Wales,http://landregistry.data.gov.uk/id/region/wales,W92000004,2007-07,5387,monthly,108.15,2007-07-01
East of England,http://landregistry.data.gov.uk/id/region/east-of-england,E12000006,2007-08,14300,monthly,91.22,2007-08-01
London,http://landregistry.data.gov.uk/id/region/london,E12000007,2007-08,16824,monthly,73.89,2007-08-01
South East,http://landregistry.data.gov.uk/id/region/south-east,E12000008,2007-08,22453,monthly,89.11,2007-08-01
South West,http://landregistry.data.gov.uk/id/region/south-west,E12000009,2007-08,13440,monthly,99.31,2007-08-01
Wales,http://landregistry.data.gov.uk/id/region/wales,W92000004,2007-08,5719,monthly,110.41,2007-08-01
East of England,http://landregistry.data.gov.uk/id/region/east-of-england,E12000006,2007-09,11250,monthly,91.6,2007-09-01
London,http://landregistry.data.gov.uk/id/region/london,E12000007,2007-09,13748,monthly,74.08,2007-09-01
South East,http://landregistry.data.gov.uk/id/region/south-east,E12000008,2007-09,17077,monthly,89.98,2007-09-01
South West,http://landregistry.data.gov.uk/id/region/south-west,E12000009,2007-09,10286,monthly,99.9,2007-09-01
Wales,http://landregistry.data.gov.uk/id/region/wales,W92000004,2007-09,4391,monthly,109.56,2007-09-01
East of England,http://landregistry.data.gov.uk/id/region/east-of-england,E12000006,2007-10,11926,monthly,91.52,2007-10-01
London,http://landregistry.data.gov.uk/id/region/london,E12000007,2007-10,13890,monthly,74.11,2007-10-01
South East,http://landregistry.data.gov.uk/id/region/south-east,E12000008,2007-10,18164,monthly,90.18,2007-10-01
South West,http://landregistry.data.gov.uk/id/region/south-west,E12000009,2007-10,10733,monthly,99.42,2007-10-01
Wales,http://landregistry.data.gov.uk/id/region/wales,W92000004,2007-10,4766,monthly,110.05,2007-10-01
East of England,http://landregistry.data.gov.uk/id/region/east-of-england,E12000006,2007-11,11664,monthly,91.83,2007-11-01
London,http://landregistry.data.gov.uk/id/region/london,E12000007,2007-11,13174,monthly,73.89,2007-11-01
South East,http://landregistry.data.gov.uk/id/region/south-east,E12000008,2007-11,17067,monthly,90.12,2007-11-01
South West,http://landregistry.data.gov.uk/id/region/south-west,E12000009,2007-11,10170,monthly,99.41,2007-11-01
Wales,http://landregistry.data.gov.uk/id/region/wales,W92000004,2007-11,4822,monthly,109.08,2007-11-01
East of England,http://landregistry.data.gov.uk/id/region/east-of-england,E12000006,2007-12,9530,monthly,91.73,2007-12-01
London,http://landregistry.data.gov.uk/id/region/london,E12000007,2007-12,9938,monthly,73.97,2007-12-01
South East,http://landregistry.data.gov.uk/id/region/south-east,E12000008,2007-12,13779,monthly,89.52,2007-12-01
South West,http://landregistry.data.gov.uk/id/region/south-west,E12000009,2007-12,8667,monthly,98.25,2007-12-01
Wales,http://landregistry.data.gov.uk/id/region/wales,W92000004,2007-12,4074,monthly,108.24,2007-12-01
East of England,http://landregistry.data.gov.uk/id/region/east-of-england,E12000006,2008-01,6358,monthly,90.98,2008-01-01
London,http://landregistry.data.gov.uk/id/region/london,E12000007,2008-01,8541,monthly,74.12,2008-01-01
South East,http://landregistry.data.gov.uk/id/region/south-east,E12000008,2008-01,9842,monthly,88.84,2008-01-01
South West,http://landregistry.data.gov.uk/id/region/south-west,E12000009,2008-01,5812,monthly,97.68,2008-01-01
Wales,http://landregistry.data.gov.uk/id/region/wales,W92000004,2008-01,2536,monthly,107.5,2008-01-01
East of England,http://landregistry.data.gov.uk/id/region/east-of-england,E12000006,2008-02,6858,monthly,90.17,2008-02-01
London,http://landregistry.data.gov.uk/id/region/london,E12000007,2008-02,8773,monthly,73.4,2008-02-01
South East,http://landregistry.data.gov.uk/id/region/south-east,E12000008,2008-02,10386,monthly,87.53,2008-02-01
South West,http://landregistry.data.gov.uk/id/region/south-west,E12000009,2008-02,6075,monthly,95.7,2008-02-01
Wales,http://landregistry.data.gov.uk/id/region/wales,W92000004,2008-02,2682,monthly,106.23,2008-02-01
East of England,http://landregistry.data.gov.uk/id/region/east-of-england,E12000006,2008-03,6473,monthly,89.1,2008-03-01
London,http://landregistry.data.gov.uk/id/region/london,E12000007,2008-03,8002,monthly,72.88,2008-03-01
South East,http://landregistry.data.gov.uk/id/region/south-east,E12000008,2008-03,9643,monthly,87.78,2008-03-01
South West,http://landregistry.data.gov.uk/id/region/south-west,E12000009,2008-03,5667,monthly,94.99,2008-03-01
Wales,http://landregistry.data.gov.uk/id/region/wales,W92000004,2008-03,2923,monthly,103.93,2008-03-01
East of England,http://landregistry.data.gov.uk/id/region/east-of-england,E12000006,2008-04,7055,monthly,88.55,2008-04-01
London,http://landregistry.data.gov.uk/id/region/london,E12000007,2008-04,8074,monthly,73.07,2008-04-01
South East,http://landregistry.data.gov.uk/id/region/south-east,E12000008,2008-04,10465,monthly,87.17,2008-04-01
South West,http://landregistry.data.gov.uk/id/region/south-west,E12000009,2008-04,6612,monthly,95.43,2008-04-01
Wales,http://landregistry.data.gov.uk/id/region/wales,W92000004,2008-04,3056,monthly,104.15,2008-04-01
East of England,http://landregistry.data.gov.uk/id/region/east-of-england,E12000006,2008-05,7282,monthly,89.38,2008-05-01
London,http://landregistry.data.gov.uk/id/region/london,E12000007,2008-05,8075,monthly,73.27,2008-05-01
South East,http://landregistry.data.gov.uk/id/region/south-east,E12000008,2008-05,11241,monthly,87.63,2008-05-01
South West,http://landregistry.data.gov.uk/id/region/south-west,E12000009,2008-05,7034,monthly,95.57,2008-05-01
Wales,http://landregistry.data.gov.uk/id/region/wales,W92000004,2008-05,3327,monthly,104.85,2008-05-01
East of England,http://landregistry.data.gov.uk/id/region/east-of-england,E12000006,2008-06,6476,monthly,88.02,2008-06-01
London,http://landregistry.data.gov.uk/id/region/london,E12000007,2008-06,7540,monthly,72.01,2008-06-01
South East,http://landregistry.data.gov.uk/id/region/south-east,E12000008,2008-06,10213,monthly,86.54,2008-06-01
South West,http://landregistry.data.gov.uk/id/region/south-west,E12000009,2008-06,6295,monthly,93.75,2008-06-01
Wales,http://landregistry.data.gov.uk/id/region/wales,W92000004,2008-06,3037,monthly,104.21,2008-06-01
East of England,http://landregistry.data.gov.uk/id/region/east-of-england,E12000006,2008-07,5979,monthly,87.75,2008-07-01
London,http://landregistry.data.gov.uk/id/region/london,E12000007,2008-07,6935,monthly,72.05,2008-07-01
South East,http://landregistry.data.gov.uk/id/region/south-east,E12000008,2008-07,9011,monthly,86.01,2008-07-01
South West,http://landregistry.data.gov.uk/id/region/south-west,E12000009,2008-07,5618,monthly,93.05,2008-07-01
Wales,http://landregistry.data.gov.uk/id/region/wales,W92000004,2008-07,2518,monthly,101.29,2008-07-01
East of England,http://landregistry.data.gov.uk/id/region/east-of-england,E12000006,2008-08,5463,monthly,84.63,2008-08-01
London,http://landregistry.data.gov.uk/id/region/london,E12000007,2008-08,5982,monthly,69.93,2008-08-01
South East,http://landregistry.data.gov.uk/id/region/south-east,E12000008,2008-08,8965,monthly,83.26,2008-08-01
South West,http://landregistry.data.gov.uk/id/region/south-west,E12000009,2008-08,5276,monthly,91.27,2008-08-01
Wales,http://landregistry.data.gov.uk/id/region/wales,W92000004,2008-08,2221,monthly,102.58,2008-08-01
East of England,http://landregistry.data.gov.uk/id/region/east-of-england,E12000006,2008-09,4712,monthly,82.54,2008-09-01
London,http://landregistry.data.gov.uk/id/region/london,E12000007,2008-09,5191,monthly,68.63,2008-09-01
South East,http://landregistry.data.gov.uk/id/region/south-east,E12000008,2008-09,7326,monthly,81.24,2008-09-01
South West,http://landregistry.data.gov.uk/id/region/south-west,E12000009,2008-09,4612,monthly,89.58,2008-09-01
Wales,http://landregistry.data.gov.uk/id/region/wales,W92000004,2008-09,2032,monthly,97.41,2008-09-01
East of England,http://landregistry.data.gov.uk/id/region/east-of-england,E12000006,2008-10,5162,monthly,80.47,2008-10-01
London,http://landregistry.data.gov.uk/id/region/london,E12000007,2008-10,5225,monthly,66.28,2008-10-01
South East,http://landregistry.data.gov.uk/id/region/south-east,E12000008,2008-10,7821,monthly,78.92,2008-10-01
South West,http://landregistry.data.gov.uk/id/region/south-west,E12000009,2008-10,5068,monthly,87.58,2008-10-01
Wales,http://landregistry.data.gov.uk/id/region/wales,W92000004,2008-10,2391,monthly,98.42,2008-10-01
East of England,http://landregistry.data.gov.uk/id/region/east-of-england,E12000006,2008-11,4194,monthly,78.19,2008-11-01
London,http://landregistry.data.gov.uk/id/region/london,E12000007,2008-11,4078,monthly,64.2,2008-11-01
South East,http://landregistry.data.gov.uk/id/region/south-east,E12000008,2008-11,6293,monthly,76.68,2008-11-01
South West,http://landregistry.data.gov.uk/id/region/south-west,E12000009,2008-11,4088,monthly,84.42,2008-11-01
Wales,http://landregistry.data.gov.uk/id/region/wales,W92000004,2008-11,1868,monthly,96.44,2008-11-01
East of England,http://landregistry.data.gov.uk/id/region/east-of-england,E12000006,2008-12,4628,monthly,77.47,2008-12-01
London,http://landregistry.data.gov.uk/id/region/london,E12000007,2008-12,4505,monthly,63.02,2008-12-01
South East,http://landregistry.data.gov.uk/id/region/south-east,E12000008,2008-12,7110,monthly,75.65,2008-12-01
South West,http://landregistry.data.gov.uk/id/region/south-west,E12000009,2008-12,4822,monthly,82.34,2008-12-01
Wales,http://landregistry.data.gov.uk/id/region/wales,W92000004,2008-12,1985,monthly,95.05,2008-12-01
East of England,http://landregistry.data.gov.uk/id/region/east-of-england,E12000006,2009-01,3100,monthly,76.89,2009-01-01
London,http://landregistry.data.gov.uk/id/region/london,E12000007,2009-01,3269,monthly,62.83,2009-01-01
South East,http://landregistry.data.gov.uk/id/region/south-east,E12000008,2009-01,5129,monthly,73.46,2009-01-01
South West,http://landregistry.data.gov.uk/id/region/south-west,E12000009,2009-01,3040,monthly,81.49,2009-01-01
Wales,http://landregistry.data.gov.uk/id/region/wales,W92000004,2009-01,1172,monthly,91.83,2009-01-01
East of England,http://landregistry.data.gov.uk/id/region/east-of-england,E12000006,2009-02,3275,monthly,75.18,2009-02-01
London,http://landregistry.data.gov.uk/id/region/london,E12000007,2009-02,3251,monthly,62.02,2009-02-01
South East,http://landregistry.data.gov.uk/id/region/south-east,E12000008,2009-02,4907,monthly,72.39,2009-02-01
South West,http://landregistry.data.gov.uk/id/region/south-west,E12000009,2009-02,3286,monthly,81.39,2009-02-01
Wales,http://landregistry.data.gov.uk/id/region/wales,W92000004,2009-02,1289,monthly,91.1,2009-02-01
East of England,http://landregistry.data.gov.uk/id/region/east-of-england,E12000006,2009-03,4230,monthly,73.71,2009-03-01
London,http://landregistry.data.gov.uk/id/region/london,E12000007,2009-03,4097,monthly,61.38,2009-03-01
South East,http://landregistry.data.gov.uk/id/region/south-east,E12000008,2009-03,6482,monthly,72.18,2009-03-01
South West,http://landregistry.data.gov.uk/id/region/south-west,E12000009,2009-03,4207,monthly,80.64,2009-03-01
Wales,http://landregistry.data.gov.uk/id/region/wales,W92000004,2009-03,2013,monthly,90.42,2009-03-01
East of England,http://landregistry.data.gov.uk/id/region/east-of-england,E12000006,2009-04,4718,monthly,74.87,2009-04-01
London,http://landregistry.data.gov.uk/id/region/london,E12000007,2009-04,4323,monthly,60.9,2009-04-01
South East,http://landregistry.data.gov.uk/id/region/south-east,E12000008,2009-04,7214,monthly,72.91,2009-04-01
South West,http://landregistry.data.gov.uk/id/region/south-west,E12000009,2009-04,4753,monthly,80.5,2009-04-01
Wales,http://landregistry.data.gov.uk/id/region/wales,W92000004,2009-04,1943,monthly,92.07,2009-04-01
East of England,http://landregistry.data.gov.uk/id/region/east-of-england,E12000006,2009-05,5438,monthly,76.19,2009-05-01
London,http://landregistry.data.gov.uk/id/region/london,E12000007,2009-05,5011,monthly,62.06,2009-05-01
South East,http://landregistry.data.gov.uk/id/region/south-east,E12000008,2009-05,8509,monthly,74.29,2009-05-01
South West,http://landregistry.data.gov.uk/id/region/south-west,E12000009,2009-05,5754,monthly,81.82,2009-05-01
Wales,http://landregistry.data.gov.uk/id/region/wales,W92000004,2009-05,2278,monthly,93.54,2009-05-01
East of England,http://landregistry.data.gov.uk/id/region/east-of-england,E12000006,2009-06,6370,monthly,76.14,2009-06-01
London,http://landregistry.data.gov.uk/id/region/london,E12000007,2009-06,6001,monthly,62.95,2009-06-01
South East,http://landregistry.data.gov.uk/id/region/south-east,E12000008,2009-06,10151,monthly,75.26,2009-06-01
South West,http://landregistry.data.gov.uk/id/region/south-west,E12000009,2009-06,6581,monthly,83.61,2009-06-01
Wales,http://landregistry.data.gov.uk/id/region/wales,W92000004,2009-06,2548,monthly,92.51,2009-06-01
East of England,http://landregistry.data.gov.uk/id/region/east-of-england,E12000006,2009-07,7811,monthly,78.17,2009-07-01
London,http://landregistry.data.gov.uk/id/region/london,E12000007,2009-07,7900,monthly,64.49,2009-07-01
South East,http://landregistry.data.gov.uk/id/region/south-east,E12000008,2009-07,12207,monthly,76.48,2009-07-01
South West,http://landregistry.data.gov.uk/id/region/south-west,E12000009,2009-07,7644,monthly,84.53,2009-07-01
Wales,http://landregistry.data.gov.uk/id/region/wales,W92000004,2009-07,2990,monthly,94.22,2009-07-01
East of England,http://landregistry.data.gov.uk/id/region/east-of-england,E12000006,2009-08,7446,monthly,79.1,2009-08-01
London,http://landregistry.data.gov.uk/id/region/london,E12000007,2009-08,7548,monthly,65.06,2009-08-01
South East,http://landregistry.data.gov.uk/id/region/south-east,E12000008,2009-08,11294,monthly,78.06,2009-08-01
South West,http://landregistry.data.gov.uk/id/region/south-west,E12000009,2009-08,7145,monthly,85.42,2009-08-01
Wales,http://landregistry.data.gov.uk/id/region/wales,W92000004,2009-08,2514,monthly,94.58,2009-08-01
East of England,http://landregistry.data.gov.uk/id/region/east-of-england,E12000006,2009-09,7225,monthly,80.04,2009-09-01
London,http://landregistry.data.gov.uk/id/region/london,E12000007,2009-09,7920,monthly,66.4,2009-09-01
South East,http://landregistry.data.gov.uk/id/region/south-east,E12000008,2009-09,11320,monthly,79.07,2009-09-01
South West,http://landregistry.data.gov.uk/id/region/south-west,E12000009,2009-09,7165,monthly,86.66,2009-09-01
Wales,http://landregistry.data.gov.uk/id/region/wales,W92000004,2009-09,2644,monthly,94.92,2009-09-01
East of England,http://landregistry.data.gov.uk/id/region/east-of-england,E12000006,2009-10,8142,monthly,80.14,2009-10-01
London,http://landregistry.data.gov.uk/id/region/london,E12000007,2009-10,8449,monthly,66.72,2009-10-01
South East,http://landregistry.data.gov.uk/id/region/south-east,E12000008,2009-10,12281,monthly,79.48,2009-10-01
South West,http://landregistry.data.gov.uk/id/region/south-west,E12000009,2009-10,7984,monthly,86.9,2009-10-01
Wales,http://landregistry.data.gov.uk/id/region/wales,W92000004,2009-10,3004,monthly,96.0,2009-10-01
East of England,http://landregistry.data.gov.uk/id/region/east-of-england,E12000006,2009-11,7780,monthly,80.84,2009-11-01
London,http://landregistry.data.gov.uk/id/region/london,E12000007,2009-11,7962,monthly,66.24,2009-11-01
South East,http://landregistry.data.gov.uk/id/region/south-east,E12000008,2009-11,11681,monthly,80.1,2009-11-01
South West,http://landregistry.data.gov.uk/id/region/south-west,E12000009,2009-11,7375,monthly,87.34,2009-11-01
Wales,http://landregistry.data.gov.uk/id/region/wales,W92000004,2009-11,2757,monthly,96.32,2009-11-01
East of England,http://landregistry.data.gov.uk/id/region/east-of-england,E12000006,2009-12,10064,monthly,81.21,2009-12-01
London,http://landregistry.data.gov.uk/id/region/london,E12000007,2009-12,9500,monthly,67.05,2009-12-01
South East,http://landregistry.data.gov.uk/id/region/south-east,E12000008,2009-12,14941,monthly,79.92,2009-12-01
South West,http://landregistry.data.gov.uk/id/region/south-west,E12000009,2009-12,9799,monthly,87.76,2009-12-01
Wales,http://landregistry.data.gov.uk/id/region/wales,W92000004,2009-12,3405,monthly,97.67,2009-12-01
East of England,http://landregistry.data.gov.uk/id/region/east-of-england,E12000006,2010-01,4253,monthly,82.32,2010-01-01
London,http://landregistry.data.gov.uk/id/region/london,E12000007,2010-01,6212,monthly,69.44,2010-01-01
South East,http://landregistry.data.gov.uk/id/region/south-east,E12000008,2010-01,6601,monthly,82.29,2010-01-01
South West,http://landregistry.data.gov.uk/id/region/south-west,E12000009,2010-01,3872,monthly,88.5,2010-01-01
Wales,http://landregistry.data.gov.uk/id/region/wales,W92000004,2010-01,1499,monthly,93.82,2010-01-01
East of England,http://landregistry.data.gov.uk/id/region/east-of-england,E12000006,2010-02,5034,monthly,82.37,2010-02-01
London,http://landregistry.data.gov.uk/id/region/london,E12000007,2010-02,6312,monthly,69.2,2010-02-01
South East,http://landregistry.data.gov.uk/id/region/south-east,E12000008,2010-02,8008,monthly,82.06,2010-02-01
South West,http://landregistry.data.gov.uk/id/region/south-west,E12000009,2010-02,4734,monthly,88.84,2010-02-01
Wales,http://landregistry.data.gov.uk/id/region/wales,W92000004,2010-02,1901,monthly,93.98,2010-02-01
East of England,http://landregistry.data.gov.uk/id/region/east-of-england,E12000006,2010-03,6272,monthly,82.44,2010-03-01
London,http://landregistry.data.gov.uk/id/region/london,E12000007,2010-03,7308,monthly,69.62,2010-03-01
South East,http://landregistry.data.gov.uk/id/region/south-east,E12000008,2010-03,9308,monthly,81.81,2010-03-01
South West,http://landregistry.data.gov.uk/id/region/south-west,E12000009,2010-03,5742,monthly,88.54,2010-03-01
Wales,http://landregistry.data.gov.uk/id/region/wales,W92000004,2010-03,2379,monthly,95.98,2010-03-01
East of England,http://landregistry.data.gov.uk/id/region/east-of-england,E12000006,2010-04,6253,monthly,83.73,2010-04-01
London,http://landregistry.data.gov.uk/id/region/london,E12000007,2010-04,7032,monthly,70.0,2010-04-01
South East,http://landregistry.data.gov.uk/id/region/south-east,E12000008,2010-04,9428,monthly,82.41,2010-04-01
South West,http://landregistry.data.gov.uk/id/region/south-west,E12000009,2010-04,6178,monthly,89.49,2010-04-01
Wales,http://landregistry.data.gov.uk/id/region/wales,W92000004,2010-04,2553,monthly,96.77,2010-04-01
East of England,http://landregistry.data.gov.uk/id/region/east-of-england,E12000006,2010-05,6323,monthly,84.11,2010-05-01
London,http://landregistry.data.gov.uk/id/region/london,E12000007,2010-05,7106,monthly,69.94,2010-05-01
South East,http://landregistry.data.gov.uk/id/region/south-east,E12000008,2010-05,9441,monthly,83.23,2010-05-01
South West,http://landregistry.data.gov.uk/id/region/south-west,E12000009,2010-05,6113,monthly,90.43,2010-05-01
Wales,http://landregistry.data.gov.uk/id/region/wales,W92000004,2010-05,2543,monthly,97.31,2010-05-01
East of England,http://landregistry.data.gov.uk/id/region/east-of-england,E12000006,2010-06,7455,monthly,83.93,2010-06-01
London,http://landregistry.data.gov.uk/id/region/london,E12000007,2010-06,8756,monthly,70.63,2010-06-01
South East,http://landregistry.data.gov.uk/id/region/south-east,E12000008,2010-06,11478,monthly,83.84,2010-06-01
South West,http://landregistry.data.gov.uk/id/region/south-west,E12000009,2010-06,7417,monthly,90.8,2010-06-01
Wales,http://landregistry.data.gov.uk/id/region/wales,W92000004,2010-06,3013,monthly,96.86,2010-06-01
East of England,http://landregistry.data.gov.uk/id/region/east-of-england,E12000006,2010-07,8121,monthly,85.35,2010-07-01
London,http://landregistry.data.gov.uk/id/region/london,E12000007,2010-07,9461,monthly,72.68,2010-07-01
South East,http://landregistry.data.gov.uk/id/region/south-east,E12000008,2010-07,12572,monthly,84.79,2010-07-01
South West,http://landregistry.data.gov.uk/id/region/south-west,E12000009,2010-07,7788,monthly,91.42,2010-07-01
Wales,http://landregistry.data.gov.uk/id/region/wales,W92000004,2010-07,2987,monthly,98.45,2010-07-01
East of England,http://landregistry.data.gov.uk/id/region/east-of-england,E12000006,2010-08,7590,monthly,85.03,2010-08-01
London,http://landregistry.data.gov.uk/id/region/london,E12000007,2010-08,8570,monthly,72.15,2010-08-01
South East,http://landregistry.data.gov.uk/id/region/south-east,E12000008,2010-08,11769,monthly,84.62,2010-08-01
South West,http://landregistry.data.gov.uk/id/region/south-west,E12000009,2010-08,7117,monthly,92.15,2010-08-01
Wales,http://landregistry.data.gov.uk/id/region/wales,W92000004,2010-08,2692,monthly,97.29,2010-08-01
East of England,http://landregistry.data.gov.uk/id/region/east-of-england,E12000006,2010-09,6902,monthly,85.45,2010-09-01
London,http://landregistry.data.gov.uk/id/region/london,E12000007,2010-09,8194,monthly,72.01,2010-09-01
South East,http://landregistry.data.gov.uk/id/region/south-east,E12000008,2010-09,10823,monthly,84.8,2010-09-01
South West,http://landregistry.data.gov.uk/id/region/south-west,E12000009,2010-09,6796,monthly,91.98,2010-09-01
Wales,http://landregistry.data.gov.uk/id/region/wales,W92000004,2010-09,2542,monthly,97.81,2010-09-01
East of England,http://landregistry.data.gov.uk/id/region/east-of-england,E12000006,2010-10,7186,monthly,84.08,2010-10-01
London,http://landregistry.data.gov.uk/id/region/london,E12000007,2010-10,7871,monthly,71.03,2010-10-01
South East,http://landregistry.data.gov.uk/id/region/south-east,E12000008,2010-10,10583,monthly,83.56,2010-10-01
South West,http://landregistry.data.gov.uk/id/region/south-west,E12000009,2010-10,6862,monthly,91.21,2010-10-01
Wales,http://landregistry.data.gov.uk/id/region/wales,W92000004,2010-10,2873,monthly,97.79,2010-10-01
East of England,http://landregistry.data.gov.uk/id/region/east-of-england,E12000006,2010-11,6925,monthly,83.79,2010-11-01
London,http://landregistry.data.gov.uk/id/region/london,E12000007,2010-11,7663,monthly,70.07,2010-11-01
South East,http://landregistry.data.gov.uk/id/region/south-east,E12000008,2010-11,10240,monthly,83.0,2010-11-01
South West,http://landregistry.data.gov.uk/id/region/south-west,E12000009,2010-11,6509,monthly,90.05,2010-11-01
Wales,http://landregistry.data.gov.uk/id/region/wales,W92000004,2010-11,2776,monthly,93.61,2010-11-01
East of England,http://landregistry.data.gov.uk/id/region/east-of-england,E12000006,2010-12,7059,monthly,83.41,2010-12-01
London,http://landregistry.data.gov.uk/id/region/london,E12000007,2010-12,7448,monthly,70.83,2010-12-01
South East,http://landregistry.data.gov.uk/id/region/south-east,E12000008,2010-12,10343,monthly,82.56,2010-12-01
South West,http://landregistry.data.gov.uk/id/region/south-west,E12000009,2010-12,6617,monthly,89.13,2010-12-01
Wales,http://landregistry.data.gov.uk/id/region/wales,W92000004,2010-12,2715,monthly,94.72,2010-12-01
East of England,http://landregistry.data.gov.uk/id/region/east-of-england,E12000006,2011-01,4582,monthly,82.98,2011-01-01
London,http://landregistry.data.gov.uk/id/region/london,E12000007,2011-01,5870,monthly,71.49,2011-01-01
South East,http://landregistry.data.gov.uk/id/region/south-east,E12000008,2011-01,6847,monthly,81.81,2011-01-01
South West,http://landregistry.data.gov.uk/id/region/south-west,E12000009,2011-01,3992,monthly,88.78,2011-01-01
Wales,http://landregistry.data.gov.uk/id/region/wales,W92000004,2011-01,1682,monthly,93.85,2011-01-01
East of England,http://landregistry.data.gov.uk/id/region/east-of-england,E12000006,2011-02,4828,monthly,82.03,2011-02-01
London,http://landregistry.data.gov.uk/id/region/london,E12000007,2011-02,5796,monthly,70.8,2011-02-01
South East,http://landregistry.data.gov.uk/id/region/south-east,E12000008,2011-02,7278,monthly,82.01,2011-02-01
South West,http://landregistry.data.gov.uk/id/region/south-west,E12000009,2011-02,4297,monthly,88.16,2011-02-01
Wales,http://landregistry.data.gov.uk/id/region/wales,W92000004,2011-02,1841,monthly,93.99,2011-02-01
East of England,http://landregistry.data.gov.uk/id/region/east-of-england,E12000006,2011-03,5514,monthly,82.59,2011-03-01
London,http://landregistry.data.gov.uk/id/region/london,E12000007,2011-03,6675,monthly,71.27,2011-03-01
South East,http://landregistry.data.gov.uk/id/region/south-east,E12000008,2011-03,8146,monthly,81.47,2011-03-01
South West,http://landregistry.data.gov.uk/id/region/south-west,E12000009,2011-03,5123,monthly,88.12,2011-03-01
Wales,http://landregistry.data.gov.uk/id/region/wales,W92000004,2011-03,2280,monthly,91.91,2011-03-01
East of England,http://landregistry.data.gov.uk/id/region/east-of-england,E12000006,2011-04,5923,monthly,82.97,2011-04-01
London,http://landregistry.data.gov.uk/id/region/london,E12000007,2011-04,6903,monthly,72.98,2011-04-01
South East,http://landregistry.data.gov.uk/id/region/south-east,E12000008,2011-04,9007,monthly,82.38,2011-04-01
South West,http://landregistry.data.gov.uk/id/region/south-west,E12000009,2011-04,5864,monthly,88.43,2011-04-01
Wales,http://landregistry.data.gov.uk/id/region/wales,W92000004,2011-04,2285,monthly,94.91,2011-04-01
East of England,http://landregistry.data.gov.uk/id/region/east-of-england,E12000006,2011-05,5900,monthly,83.09,2011-05-01
London,http://landregistry.data.gov.uk/id/region/london,E12000007,2011-05,6460,monthly,70.68,2011-05-01
South East,http://landregistry.data.gov.uk/id/region/south-east,E12000008,2011-05,8827,monthly,82.53,2011-05-01
South West,http://landregistry.data.gov.uk/id/region/south-west,E12000009,2011-05,5577,monthly,88.04,2011-05-01
Wales,http://landregistry.data.gov.uk/id/region/wales,W92000004,2011-05,2257,monthly,94.08,2011-05-01
East of England,http://landregistry.data.gov.uk/id/region/east-of-england,E12000006,2011-06,7044,monthly,82.84,2011-06-01
London,http://landregistry.data.gov.uk/id/region/london,E12000007,2011-06,7846,monthly,70.97,2011-06-01
South East,http://landregistry.data.gov.uk/id/region/south-east,E12000008,2011-06,10180,monthly,82.75,2011-06-01
South West,http://landregistry.data.gov.uk/id/region/south-west,E12000009,2011-06,6522,monthly,89.02,2011-06-01
Wales,http://landregistry.data.gov.uk/id/region/wales,W92000004,2011-06,2721,monthly,94.21,2011-06-01
East of England,http://landregistry.data.gov.uk/id/region/east-of-england,E12000006,2011-07,7659,monthly,84.02,2011-07-01
London,http://landregistry.data.gov.uk/id/region/london,E12000007,2011-07,8742,monthly,73.44,2011-07-01
South East,http://landregistry.data.gov.uk/id/region/south-east,E12000008,2011-07,11588,monthly,83.82,2011-07-01
South West,http://landregistry.data.gov.uk/id/region/south-west,E12000009,2011-07,6992,monthly,89.85,2011-07-01
Wales,http://landregistry.data.gov.uk/id/region/wales,W92000004,2011-07,2820,monthly,94.43,2011-07-01
East of England,http://landregistry.data.gov.uk/id/region/east-of-england,E12000006,2011-08,8177,monthly,84.38,2011-08-01
London,http://landregistry.data.gov.uk/id/region/london,E12000007,2011-08,8998,monthly,73.2,2011-08-01
South East,http://landregistry.data.gov.uk/id/region/south-east,E12000008,2011-08,12033,monthly,83.2,2011-08-01
South West,http://landregistry.data.gov.uk/id/region/south-west,E12000009,2011-08,7390,monthly,90.18,2011-08-01
Wales,http://landregistry.data.gov.uk/id/region/wales,W92000004,2011-08,2939,monthly,95.04,2011-08-01
East of England,http://landregistry.data.gov.uk/id/region/east-of-england,E12000006,2011-09,7802,monthly,83.58,2011-09-01
London,http://landregistry.data.gov.uk/id/region/london,E12000007,2011-09,8707,monthly,73.32,2011-09-01
South East,http://landregistry.data.gov.uk/id/region/south-east,E12000008,2011-09,11957,monthly,83.53,2011-09-01
South West,http://landregistry.data.gov.uk/id/region/south-west,E12000009,2011-09,7280,monthly,89.02,2011-09-01
Wales,http://landregistry.data.gov.uk/id/region/wales,W92000004,2011-09,2875,monthly,96.23,2011-09-01
East of England,http://landregistry.data.gov.uk/id/region/east-of-england,E12000006,2011-10,7159,monthly,83.56,2011-10-01
London,http://landregistry.data.gov.uk/id/region/london,E12000007,2011-10,7871,monthly,72.55,2011-10-01
South East,http://landregistry.data.gov.uk/id/region/south-east,E12000008,2011-10,10459,monthly,82.43,2011-10-01
South West,http://landregistry.data.gov.uk/id/region/south-west,E12000009,2011-10,6777,monthly,89.14,2011-10-01
Wales,http://landregistry.data.gov.uk/id/region/wales,W92000004,2011-10,2729,monthly,93.79,2011-10-01
East of England,http://landregistry.data.gov.uk/id/region/east-of-england,E12000006,2011-11,7462,monthly,83.94,2011-11-01
London,http://landregistry.data.gov.uk/id/region/london,E12000007,2011-11,7956,monthly,72.24,2011-11-01
South East,http://landregistry.data.gov.uk/id/region/south-east,E12000008,2011-11,11216,monthly,82.97,2011-11-01
South West,http://landregistry.data.gov.uk/id/region/south-west,E12000009,2011-11,6873,monthly,88.75,2011-11-01
Wales,http://landregistry.data.gov.uk/id/region/wales,W92000004,2011-11,2937,monthly,95.79,2011-11-01
East of England,http://landregistry.data.gov.uk/id/region/east-of-england,E12000006,2011-12,7903,monthly,83.58,2011-12-01
London,http://landregistry.data.gov.uk/id/region/london,E12000007,2011-12,8217,monthly,72.55,2011-12-01
South East,http://landregistry.data.gov.uk/id/region/south-east,E12000008,2011-12,11844,monthly,82.83,2011-12-01
South West,http://landregistry.data.gov.uk/id/region/south-west,E12000009,2011-12,7314,monthly,88.04,2011-12-01
Wales,http://landregistry.data.gov.uk/id/region/wales,W92000004,2011-12,2919,monthly,93.57,2011-12-01
East of England,http://landregistry.data.gov.uk/id/region/east-of-england,E12000006,2012-01,5357,monthly,84.06,2012-01-01
London,http://landregistry.data.gov.uk/id/region/london,E12000007,2012-01,6531,monthly,73.07,2012-01-01
South East,http://landregistry.data.gov.uk/id/region/south-east,E12000008,2012-01,8014,monthly,82.18,2012-01-01
South West,http://landregistry.data.gov.uk/id/region/south-west,E12000009,2012-01,5096,monthly,89.23,2012-01-01
Wales,http://landregistry.data.gov.uk/id/region/wales,W92000004,2012-01,1839,monthly,93.35,2012-01-01
East of England,http://landregistry.data.gov.uk/id/region/east-of-england,E12000006,2012-02,5540,monthly,83.37,2012-02-01
London,http://landregistry.data.gov.uk/id/region/london,E12000007,2012-02,6659,monthly,72.58,2012-02-01
South East,http://landregistry.data.gov.uk/id/region/south-east,E12000008,2012-02,8297,monthly,82.5,2012-02-01
South West,http://landregistry.data.gov.uk/id/region/south-west,E12000009,2012-02,5198,monthly,89.09,2012-02-01
Wales,http://landregistry.data.gov.uk/id/region/wales,W92000004,2012-02,1988,monthly,92.78,2012-02-01
East of England,http://landregistry.data.gov.uk/id/region/east-of-england,E12000006,2012-03,7563,monthly,82.83,2012-03-01
London,http://landregistry.data.gov.uk/id/region/london,E12000007,2012-03,9099,monthly,72.08,2012-03-01
South East,http://landregistry.data.gov.uk/id/region/south-east,E12000008,2012-03,11451,monthly,82.72,2012-03-01
South West,http://landregistry.data.gov.uk/id/region/south-west,E12000009,2012-03,6908,monthly,88.35,2012-03-01
Wales,http://landregistry.data.gov.uk/id/region/wales,W92000004,2012-03,2602,monthly,92.72,2012-03-01
East of England,http://landregistry.data.gov.uk/id/region/east-of-england,E12000006,2012-04,5150,monthly,84.48,2012-04-01
London,http://landregistry.data.gov.uk/id/region/london,E12000007,2012-04,5961,monthly,74.24,2012-04-01
South East,http://landregistry.data.gov.uk/id/region/south-east,E12000008,2012-04,7533,monthly,84.28,2012-04-01
South West,http://landregistry.data.gov.uk/id/region/south-west,E12000009,2012-04,4890,monthly,89.69,2012-04-01
Wales,http://landregistry.data.gov.uk/id/region/wales,W92000004,2012-04,2104,monthly,94.14,2012-04-01
East of England,http://landregistry.data.gov.uk/id/region/east-of-england,E12000006,2012-05,6278,monthly,84.85,2012-05-01
London,http://landregistry.data.gov.uk/id/region/london,E12000007,2012-05,7374,monthly,75.48,2012-05-01
South East,http://landregistry.data.gov.uk/id/region/south-east,E12000008,2012-05,9560,monthly,84.39,2012-05-01
South West,http://landregistry.data.gov.uk/id/region/south-west,E12000009,2012-05,5929,monthly,89.43,2012-05-01
Wales,http://landregistry.data.gov.uk/id/region/wales,W92000004,2012-05,2346,monthly,94.27,2012-05-01
East of England,http://landregistry.data.gov.uk/id/region/east-of-england,E12000006,2012-06,7366,monthly,84.77,2012-06-01
London,http://landregistry.data.gov.uk/id/region/london,E12000007,2012-06,8132,monthly,76.16,2012-06-01
South East,http://landregistry.data.gov.uk/id/region/south-east,E12000008,2012-06,10728,monthly,84.72,2012-06-01
South West,http://landregistry.data.gov.uk/id/region/south-west,E12000009,2012-06,6715,monthly,90.1,2012-06-01
Wales,http://landregistry.data.gov.uk/id/region/wales,W92000004,2012-06,2924,monthly,95.47,2012-06-01
East of England,http://landregistry.data.gov.uk/id/region/east-of-england,E12000006,2012-07,7205,monthly,85.93,2012-07-01
London,http://landregistry.data.gov.uk/id/region/london,E12000007,2012-07,8751,monthly,76.69,2012-07-01
South East,http://landregistry.data.gov.uk/id/region/south-east,E12000008,2012-07,11204,monthly,85.62,2012-07-01
South West,http://landregistry.data.gov.uk/id/region/south-west,E12000009,2012-07,6815,monthly,90.91,2012-07-01
Wales,http://landregistry.data.gov.uk/id/region/wales,W92000004,2012-07,2582,monthly,95.0,2012-07-01
East of England,http://landregistry.data.gov.uk/id/region/east-of-england,E12000006,2012-08,7823,monthly,85.95,2012-08-01
London,http://landregistry.data.gov.uk/id/region/london,E12000007,2012-08,9073,monthly,76.96,2012-08-01
South East,http://landregistry.data.gov.uk/id/region/south-east,E12000008,2012-08,12557,monthly,86.03,2012-08-01
South West,http://landregistry.data.gov.uk/id/region/south-west,E12000009,2012-08,7640,monthly,90.21,2012-08-01
Wales,http://landregistry.data.gov.uk/id/region/wales,W92000004,2012-08,2934,monthly,94.65,2012-08-01
East of England,http://landregistry.data.gov.uk/id/region/east-of-england,E12000006,2012-09,6315,monthly,85.44,2012-09-01
London,http://landregistry.data.gov.uk/id/region/london,E12000007,2012-09,7906,monthly,76.57,2012-09-01
South East,http://landregistry.data.gov.uk/id/region/south-east,E12000008,2012-09,10140,monthly,86.26,2012-09-01
South West,http://landregistry.data.gov.uk/id/region/south-west,E12000009,2012-09,6017,monthly,90.04,2012-09-01
Wales,http://landregistry.data.gov.uk/id/region/wales,W92000004,2012-09,2449,monthly,93.98,2012-09-01
East of England,http://landregistry.data.gov.uk/id/region/east-of-england,E12000006,2012-10,7208,monthly,85.74,2012-10-01
London,http://landregistry.data.gov.uk/id/region/london,E12000007,2012-10,8146,monthly,77.02,2012-10-01
South East,http://landregistry.data.gov.uk/id/region/south-east,E12000008,2012-10,10976,monthly,84.93,2012-10-01
South West,http://landregistry.data.gov.uk/id/region/south-west,E12000009,2012-10,6771,monthly,90.11,2012-10-01
Wales,http://landregistry.data.gov.uk/id/region/wales,W92000004,2012-10,2884,monthly,93.19,2012-10-01
East of England,http://landregistry.data.gov.uk/id/region/east-of-england,E12000006,2012-11,7753,monthly,85.43,2012-11-01
London,http://landregistry.data.gov.uk/id/region/london,E12000007,2012-11,8626,monthly,76.59,2012-11-01
South East,http://landregistry.data.gov.uk/id/region/south-east,E12000008,2012-11,11577,monthly,84.79,2012-11-01
South West,http://landregistry.data.gov.uk/id/region/south-west,E12000009,2012-11,7187,monthly,89.92,2012-11-01
Wales,http://landregistry.data.gov.uk/id/region/wales,W92000004,2012-11,3039,monthly,94.35,2012-11-01
East of England,http://landregistry.data.gov.uk/id/region/east-of-england,E12000006,2012-12,6845,monthly,85.01,2012-12-01
London,http://landregistry.data.gov.uk/id/region/london,E12000007,2012-12,7601,monthly,77.88,2012-12-01
South East,http://landregistry.data.gov.uk/id/region/south-east,E12000008,2012-12,10312,monthly,85.28,2012-12-01
South West,http://landregistry.data.gov.uk/id/region/south-west,E12000009,2012-12,6484,monthly,88.27,2012-12-01
Wales,http://landregistry.data.gov.uk/id/region/wales,W92000004,2012-12,2689,monthly,93.39,2012-12-01
